,labels,source,names,paths
0,happy,EMODB,03a01Fa.wav,D:\emodb_dataset\03a01Fa.wav
1,neutral,EMODB,03a01Nc.wav,D:\emodb_dataset\03a01Nc.wav
2,angry,EMODB,03a01Wa.wav,D:\emodb_dataset\03a01Wa.wav
3,happy,EMODB,03a02Fc.wav,D:\emodb_dataset\03a02Fc.wav
4,neutral,EMODB,03a02Nc.wav,D:\emodb_dataset\03a02Nc.wav
5,sad,EMODB,03a02Ta.wav,D:\emodb_dataset\03a02Ta.wav
6,angry,EMODB,03a02Wb.wav,D:\emodb_dataset\03a02Wb.wav
7,angry,EMODB,03a02Wc.wav,D:\emodb_dataset\03a02Wc.wav
8,fear,EMODB,03a04Ad.wav,D:\emodb_dataset\03a04Ad.wav
9,happy,EMODB,03a04Fd.wav,D:\emodb_dataset\03a04Fd.wav
10,bored,EMODB,03a04Lc.wav,D:\emodb_dataset\03a04Lc.wav
11,neutral,EMODB,03a04Nc.wav,D:\emodb_dataset\03a04Nc.wav
12,sad,EMODB,03a04Ta.wav,D:\emodb_dataset\03a04Ta.wav
13,angry,EMODB,03a04Wc.wav,D:\emodb_dataset\03a04Wc.wav
14,fear,EMODB,03a05Aa.wav,D:\emodb_dataset\03a05Aa.wav
15,happy,EMODB,03a05Fc.wav,D:\emodb_dataset\03a05Fc.wav
16,neutral,EMODB,03a05Nd.wav,D:\emodb_dataset\03a05Nd.wav
17,sad,EMODB,03a05Tc.wav,D:\emodb_dataset\03a05Tc.wav
18,angry,EMODB,03a05Wa.wav,D:\emodb_dataset\03a05Wa.wav
19,angry,EMODB,03a05Wb.wav,D:\emodb_dataset\03a05Wb.wav
20,happy,EMODB,03a07Fa.wav,D:\emodb_dataset\03a07Fa.wav
21,happy,EMODB,03a07Fb.wav,D:\emodb_dataset\03a07Fb.wav
22,bored,EMODB,03a07La.wav,D:\emodb_dataset\03a07La.wav
23,neutral,EMODB,03a07Nc.wav,D:\emodb_dataset\03a07Nc.wav
24,angry,EMODB,03a07Wc.wav,D:\emodb_dataset\03a07Wc.wav
25,happy,EMODB,03b01Fa.wav,D:\emodb_dataset\03b01Fa.wav
26,bored,EMODB,03b01Lb.wav,D:\emodb_dataset\03b01Lb.wav
27,neutral,EMODB,03b01Nb.wav,D:\emodb_dataset\03b01Nb.wav
28,sad,EMODB,03b01Td.wav,D:\emodb_dataset\03b01Td.wav
29,angry,EMODB,03b01Wa.wav,D:\emodb_dataset\03b01Wa.wav
30,angry,EMODB,03b01Wc.wav,D:\emodb_dataset\03b01Wc.wav
31,fear,EMODB,03b02Aa.wav,D:\emodb_dataset\03b02Aa.wav
32,bored,EMODB,03b02La.wav,D:\emodb_dataset\03b02La.wav
33,neutral,EMODB,03b02Na.wav,D:\emodb_dataset\03b02Na.wav
34,sad,EMODB,03b02Tb.wav,D:\emodb_dataset\03b02Tb.wav
35,angry,EMODB,03b02Wb.wav,D:\emodb_dataset\03b02Wb.wav
36,neutral,EMODB,03b03Nb.wav,D:\emodb_dataset\03b03Nb.wav
37,sad,EMODB,03b03Tc.wav,D:\emodb_dataset\03b03Tc.wav
38,angry,EMODB,03b03Wc.wav,D:\emodb_dataset\03b03Wc.wav
39,bored,EMODB,03b09La.wav,D:\emodb_dataset\03b09La.wav
40,neutral,EMODB,03b09Nc.wav,D:\emodb_dataset\03b09Nc.wav
41,sad,EMODB,03b09Tc.wav,D:\emodb_dataset\03b09Tc.wav
42,angry,EMODB,03b09Wa.wav,D:\emodb_dataset\03b09Wa.wav
43,fear,EMODB,03b10Ab.wav,D:\emodb_dataset\03b10Ab.wav
44,disgust,EMODB,03b10Ec.wav,D:\emodb_dataset\03b10Ec.wav
45,neutral,EMODB,03b10Na.wav,D:\emodb_dataset\03b10Na.wav
46,neutral,EMODB,03b10Nc.wav,D:\emodb_dataset\03b10Nc.wav
47,angry,EMODB,03b10Wb.wav,D:\emodb_dataset\03b10Wb.wav
48,angry,EMODB,03b10Wc.wav,D:\emodb_dataset\03b10Wc.wav
49,fear,EMODB,08a01Ab.wav,D:\emodb_dataset\08a01Ab.wav
50,happy,EMODB,08a01Fd.wav,D:\emodb_dataset\08a01Fd.wav
51,bored,EMODB,08a01Lc.wav,D:\emodb_dataset\08a01Lc.wav
52,neutral,EMODB,08a01Na.wav,D:\emodb_dataset\08a01Na.wav
53,angry,EMODB,08a01Wa.wav,D:\emodb_dataset\08a01Wa.wav
54,angry,EMODB,08a01Wc.wav,D:\emodb_dataset\08a01Wc.wav
55,fear,EMODB,08a02Ab.wav,D:\emodb_dataset\08a02Ab.wav
56,fear,EMODB,08a02Ac.wav,D:\emodb_dataset\08a02Ac.wav
57,happy,EMODB,08a02Fe.wav,D:\emodb_dataset\08a02Fe.wav
58,bored,EMODB,08a02La.wav,D:\emodb_dataset\08a02La.wav
59,neutral,EMODB,08a02Na.wav,D:\emodb_dataset\08a02Na.wav
60,sad,EMODB,08a02Tb.wav,D:\emodb_dataset\08a02Tb.wav
61,angry,EMODB,08a02Wc.wav,D:\emodb_dataset\08a02Wc.wav
62,happy,EMODB,08a04Ff.wav,D:\emodb_dataset\08a04Ff.wav
63,bored,EMODB,08a04La.wav,D:\emodb_dataset\08a04La.wav
64,neutral,EMODB,08a04Nc.wav,D:\emodb_dataset\08a04Nc.wav
65,sad,EMODB,08a04Tb.wav,D:\emodb_dataset\08a04Tb.wav
66,angry,EMODB,08a04Wc.wav,D:\emodb_dataset\08a04Wc.wav
67,happy,EMODB,08a05Fe.wav,D:\emodb_dataset\08a05Fe.wav
68,bored,EMODB,08a05Lc.wav,D:\emodb_dataset\08a05Lc.wav
69,neutral,EMODB,08a05Nb.wav,D:\emodb_dataset\08a05Nb.wav
70,sad,EMODB,08a05Ta.wav,D:\emodb_dataset\08a05Ta.wav
71,angry,EMODB,08a05Wa.wav,D:\emodb_dataset\08a05Wa.wav
72,happy,EMODB,08a07Fd.wav,D:\emodb_dataset\08a07Fd.wav
73,bored,EMODB,08a07La.wav,D:\emodb_dataset\08a07La.wav
74,neutral,EMODB,08a07Na.wav,D:\emodb_dataset\08a07Na.wav
75,sad,EMODB,08a07Ta.wav,D:\emodb_dataset\08a07Ta.wav
76,sad,EMODB,08a07Tb.wav,D:\emodb_dataset\08a07Tb.wav
77,angry,EMODB,08a07Wc.wav,D:\emodb_dataset\08a07Wc.wav
78,fear,EMODB,08b01Aa.wav,D:\emodb_dataset\08b01Aa.wav
79,happy,EMODB,08b01Fd.wav,D:\emodb_dataset\08b01Fd.wav
80,happy,EMODB,08b01Fe.wav,D:\emodb_dataset\08b01Fe.wav
81,bored,EMODB,08b01Lb.wav,D:\emodb_dataset\08b01Lb.wav
82,neutral,EMODB,08b01Na.wav,D:\emodb_dataset\08b01Na.wav
83,angry,EMODB,08b01Wa.wav,D:\emodb_dataset\08b01Wa.wav
84,happy,EMODB,08b02Ff.wav,D:\emodb_dataset\08b02Ff.wav
85,bored,EMODB,08b02La.wav,D:\emodb_dataset\08b02La.wav
86,neutral,EMODB,08b02Nb.wav,D:\emodb_dataset\08b02Nb.wav
87,sad,EMODB,08b02Tc.wav,D:\emodb_dataset\08b02Tc.wav
88,angry,EMODB,08b02Wd.wav,D:\emodb_dataset\08b02Wd.wav
89,happy,EMODB,08b03Fe.wav,D:\emodb_dataset\08b03Fe.wav
90,bored,EMODB,08b03Lc.wav,D:\emodb_dataset\08b03Lc.wav
91,neutral,EMODB,08b03Nb.wav,D:\emodb_dataset\08b03Nb.wav
92,sad,EMODB,08b03Tc.wav,D:\emodb_dataset\08b03Tc.wav
93,angry,EMODB,08b03Wd.wav,D:\emodb_dataset\08b03Wd.wav
94,fear,EMODB,08b09Ab.wav,D:\emodb_dataset\08b09Ab.wav
95,happy,EMODB,08b09Fd.wav,D:\emodb_dataset\08b09Fd.wav
96,bored,EMODB,08b09Lc.wav,D:\emodb_dataset\08b09Lc.wav
97,neutral,EMODB,08b09Nb.wav,D:\emodb_dataset\08b09Nb.wav
98,sad,EMODB,08b09Tb.wav,D:\emodb_dataset\08b09Tb.wav
99,angry,EMODB,08b09Wa.wav,D:\emodb_dataset\08b09Wa.wav
100,angry,EMODB,08b09Wc.wav,D:\emodb_dataset\08b09Wc.wav
101,fear,EMODB,08b10Aa.wav,D:\emodb_dataset\08b10Aa.wav
102,happy,EMODB,08b10Fd.wav,D:\emodb_dataset\08b10Fd.wav
103,bored,EMODB,08b10La.wav,D:\emodb_dataset\08b10La.wav
104,neutral,EMODB,08b10Nc.wav,D:\emodb_dataset\08b10Nc.wav
105,sad,EMODB,08b10Tc.wav,D:\emodb_dataset\08b10Tc.wav
106,angry,EMODB,08b10Wa.wav,D:\emodb_dataset\08b10Wa.wav
107,disgust,EMODB,09a01Ea.wav,D:\emodb_dataset\09a01Ea.wav
108,happy,EMODB,09a01Fa.wav,D:\emodb_dataset\09a01Fa.wav
109,neutral,EMODB,09a01Nb.wav,D:\emodb_dataset\09a01Nb.wav
110,angry,EMODB,09a01Wb.wav,D:\emodb_dataset\09a01Wb.wav
111,disgust,EMODB,09a02Ea.wav,D:\emodb_dataset\09a02Ea.wav
112,disgust,EMODB,09a02Eb.wav,D:\emodb_dataset\09a02Eb.wav
113,bored,EMODB,09a02La.wav,D:\emodb_dataset\09a02La.wav
114,angry,EMODB,09a02Wb.wav,D:\emodb_dataset\09a02Wb.wav
115,happy,EMODB,09a04Fd.wav,D:\emodb_dataset\09a04Fd.wav
116,bored,EMODB,09a04La.wav,D:\emodb_dataset\09a04La.wav
117,neutral,EMODB,09a04Nb.wav,D:\emodb_dataset\09a04Nb.wav
118,angry,EMODB,09a04Wa.wav,D:\emodb_dataset\09a04Wa.wav
119,disgust,EMODB,09a05Ed.wav,D:\emodb_dataset\09a05Ed.wav
120,bored,EMODB,09a05Lc.wav,D:\emodb_dataset\09a05Lc.wav
121,neutral,EMODB,09a05Nb.wav,D:\emodb_dataset\09a05Nb.wav
122,sad,EMODB,09a05Tb.wav,D:\emodb_dataset\09a05Tb.wav
123,angry,EMODB,09a05Wb.wav,D:\emodb_dataset\09a05Wb.wav
124,angry,EMODB,09a05Wc.wav,D:\emodb_dataset\09a05Wc.wav
125,disgust,EMODB,09a07Eb.wav,D:\emodb_dataset\09a07Eb.wav
126,neutral,EMODB,09a07Na.wav,D:\emodb_dataset\09a07Na.wav
127,sad,EMODB,09a07Ta.wav,D:\emodb_dataset\09a07Ta.wav
128,angry,EMODB,09a07Wb.wav,D:\emodb_dataset\09a07Wb.wav
129,angry,EMODB,09a07Wd.wav,D:\emodb_dataset\09a07Wd.wav
130,disgust,EMODB,09b01Ea.wav,D:\emodb_dataset\09b01Ea.wav
131,neutral,EMODB,09b01Na.wav,D:\emodb_dataset\09b01Na.wav
132,angry,EMODB,09b01Wb.wav,D:\emodb_dataset\09b01Wb.wav
133,neutral,EMODB,09b02Na.wav,D:\emodb_dataset\09b02Na.wav
134,sad,EMODB,09b02Tb.wav,D:\emodb_dataset\09b02Tb.wav
135,angry,EMODB,09b02Wc.wav,D:\emodb_dataset\09b02Wc.wav
136,angry,EMODB,09b02Wd.wav,D:\emodb_dataset\09b02Wd.wav
137,disgust,EMODB,09b03Ed.wav,D:\emodb_dataset\09b03Ed.wav
138,happy,EMODB,09b03Fa.wav,D:\emodb_dataset\09b03Fa.wav
139,happy,EMODB,09b03Fd.wav,D:\emodb_dataset\09b03Fd.wav
140,bored,EMODB,09b03Lb.wav,D:\emodb_dataset\09b03Lb.wav
141,neutral,EMODB,09b03Nb.wav,D:\emodb_dataset\09b03Nb.wav
142,sad,EMODB,09b03Ta.wav,D:\emodb_dataset\09b03Ta.wav
143,angry,EMODB,09b03Wb.wav,D:\emodb_dataset\09b03Wb.wav
144,disgust,EMODB,09b09Ea.wav,D:\emodb_dataset\09b09Ea.wav
145,neutral,EMODB,09b09Nd.wav,D:\emodb_dataset\09b09Nd.wav
146,angry,EMODB,09b09Wa.wav,D:\emodb_dataset\09b09Wa.wav
147,fear,EMODB,09b10Aa.wav,D:\emodb_dataset\09b10Aa.wav
148,neutral,EMODB,09b10Nd.wav,D:\emodb_dataset\09b10Nd.wav
149,angry,EMODB,09b10Wa.wav,D:\emodb_dataset\09b10Wa.wav
150,fear,EMODB,10a01Ac.wav,D:\emodb_dataset\10a01Ac.wav
151,neutral,EMODB,10a01Nb.wav,D:\emodb_dataset\10a01Nb.wav
152,angry,EMODB,10a01Wa.wav,D:\emodb_dataset\10a01Wa.wav
153,fear,EMODB,10a02Ab.wav,D:\emodb_dataset\10a02Ab.wav
154,happy,EMODB,10a02Fa.wav,D:\emodb_dataset\10a02Fa.wav
155,bored,EMODB,10a02Lb.wav,D:\emodb_dataset\10a02Lb.wav
156,neutral,EMODB,10a02Na.wav,D:\emodb_dataset\10a02Na.wav
157,angry,EMODB,10a02Wa.wav,D:\emodb_dataset\10a02Wa.wav
158,happy,EMODB,10a04Fd.wav,D:\emodb_dataset\10a04Fd.wav
159,neutral,EMODB,10a04Nb.wav,D:\emodb_dataset\10a04Nb.wav
160,angry,EMODB,10a04Wa.wav,D:\emodb_dataset\10a04Wa.wav
161,angry,EMODB,10a04Wb.wav,D:\emodb_dataset\10a04Wb.wav
162,fear,EMODB,10a05Aa.wav,D:\emodb_dataset\10a05Aa.wav
163,bored,EMODB,10a05Ld.wav,D:\emodb_dataset\10a05Ld.wav
164,sad,EMODB,10a05Tb.wav,D:\emodb_dataset\10a05Tb.wav
165,angry,EMODB,10a05Wb.wav,D:\emodb_dataset\10a05Wb.wav
166,fear,EMODB,10a07Aa.wav,D:\emodb_dataset\10a07Aa.wav
167,fear,EMODB,10a07Ad.wav,D:\emodb_dataset\10a07Ad.wav
168,bored,EMODB,10a07La.wav,D:\emodb_dataset\10a07La.wav
169,sad,EMODB,10a07Ta.wav,D:\emodb_dataset\10a07Ta.wav
170,angry,EMODB,10a07Wb.wav,D:\emodb_dataset\10a07Wb.wav
171,fear,EMODB,10b01Aa.wav,D:\emodb_dataset\10b01Aa.wav
172,disgust,EMODB,10b01Ea.wav,D:\emodb_dataset\10b01Ea.wav
173,happy,EMODB,10b01Fa.wav,D:\emodb_dataset\10b01Fa.wav
174,bored,EMODB,10b01Lb.wav,D:\emodb_dataset\10b01Lb.wav
175,fear,EMODB,10b02Aa.wav,D:\emodb_dataset\10b02Aa.wav
176,bored,EMODB,10b02La.wav,D:\emodb_dataset\10b02La.wav
177,neutral,EMODB,10b02Na.wav,D:\emodb_dataset\10b02Na.wav
178,angry,EMODB,10b02Wb.wav,D:\emodb_dataset\10b02Wb.wav
179,bored,EMODB,10b03La.wav,D:\emodb_dataset\10b03La.wav
180,sad,EMODB,10b03Tb.wav,D:\emodb_dataset\10b03Tb.wav
181,angry,EMODB,10b03Wb.wav,D:\emodb_dataset\10b03Wb.wav
182,fear,EMODB,10b09Ad.wav,D:\emodb_dataset\10b09Ad.wav
183,bored,EMODB,10b09Lb.wav,D:\emodb_dataset\10b09Lb.wav
184,angry,EMODB,10b09Wb.wav,D:\emodb_dataset\10b09Wb.wav
185,happy,EMODB,10b10Fc.wav,D:\emodb_dataset\10b10Fc.wav
186,bored,EMODB,10b10Lc.wav,D:\emodb_dataset\10b10Lc.wav
187,angry,EMODB,10b10Wa.wav,D:\emodb_dataset\10b10Wa.wav
188,fear,EMODB,11a01Aa.wav,D:\emodb_dataset\11a01Aa.wav
189,fear,EMODB,11a01Ab.wav,D:\emodb_dataset\11a01Ab.wav
190,bored,EMODB,11a01Ld.wav,D:\emodb_dataset\11a01Ld.wav
191,neutral,EMODB,11a01Nd.wav,D:\emodb_dataset\11a01Nd.wav
192,angry,EMODB,11a01Wc.wav,D:\emodb_dataset\11a01Wc.wav
193,disgust,EMODB,11a02Ec.wav,D:\emodb_dataset\11a02Ec.wav
194,happy,EMODB,11a02Fb.wav,D:\emodb_dataset\11a02Fb.wav
195,bored,EMODB,11a02Ld.wav,D:\emodb_dataset\11a02Ld.wav
196,neutral,EMODB,11a02Nc.wav,D:\emodb_dataset\11a02Nc.wav
197,sad,EMODB,11a02Tc.wav,D:\emodb_dataset\11a02Tc.wav
198,angry,EMODB,11a02Wc.wav,D:\emodb_dataset\11a02Wc.wav
199,fear,EMODB,11a04Ac.wav,D:\emodb_dataset\11a04Ac.wav
200,happy,EMODB,11a04Fd.wav,D:\emodb_dataset\11a04Fd.wav
201,neutral,EMODB,11a04Nd.wav,D:\emodb_dataset\11a04Nd.wav
202,angry,EMODB,11a04Wc.wav,D:\emodb_dataset\11a04Wc.wav
203,fear,EMODB,11a05Ad.wav,D:\emodb_dataset\11a05Ad.wav
204,happy,EMODB,11a05Fb.wav,D:\emodb_dataset\11a05Fb.wav
205,happy,EMODB,11a05Fc.wav,D:\emodb_dataset\11a05Fc.wav
206,bored,EMODB,11a05Lc.wav,D:\emodb_dataset\11a05Lc.wav
207,neutral,EMODB,11a05Na.wav,D:\emodb_dataset\11a05Na.wav
208,sad,EMODB,11a05Td.wav,D:\emodb_dataset\11a05Td.wav
209,angry,EMODB,11a05Wd.wav,D:\emodb_dataset\11a05Wd.wav
210,fear,EMODB,11a07Ac.wav,D:\emodb_dataset\11a07Ac.wav
211,bored,EMODB,11a07Ld.wav,D:\emodb_dataset\11a07Ld.wav
212,sad,EMODB,11a07Ta.wav,D:\emodb_dataset\11a07Ta.wav
213,angry,EMODB,11a07Wc.wav,D:\emodb_dataset\11a07Wc.wav
214,fear,EMODB,11b01Ab.wav,D:\emodb_dataset\11b01Ab.wav
215,disgust,EMODB,11b01Eb.wav,D:\emodb_dataset\11b01Eb.wav
216,happy,EMODB,11b01Fc.wav,D:\emodb_dataset\11b01Fc.wav
217,bored,EMODB,11b01Lb.wav,D:\emodb_dataset\11b01Lb.wav
218,neutral,EMODB,11b01Nc.wav,D:\emodb_dataset\11b01Nc.wav
219,angry,EMODB,11b01Wd.wav,D:\emodb_dataset\11b01Wd.wav
220,fear,EMODB,11b02Ab.wav,D:\emodb_dataset\11b02Ab.wav
221,happy,EMODB,11b02Fd.wav,D:\emodb_dataset\11b02Fd.wav
222,neutral,EMODB,11b02Na.wav,D:\emodb_dataset\11b02Na.wav
223,sad,EMODB,11b02Td.wav,D:\emodb_dataset\11b02Td.wav
224,angry,EMODB,11b02Wb.wav,D:\emodb_dataset\11b02Wb.wav
225,happy,EMODB,11b03Fc.wav,D:\emodb_dataset\11b03Fc.wav
226,bored,EMODB,11b03Lc.wav,D:\emodb_dataset\11b03Lc.wav
227,neutral,EMODB,11b03Nb.wav,D:\emodb_dataset\11b03Nb.wav
228,sad,EMODB,11b03Td.wav,D:\emodb_dataset\11b03Td.wav
229,angry,EMODB,11b03Wa.wav,D:\emodb_dataset\11b03Wa.wav
230,angry,EMODB,11b03Wb.wav,D:\emodb_dataset\11b03Wb.wav
231,fear,EMODB,11b09Ad.wav,D:\emodb_dataset\11b09Ad.wav
232,happy,EMODB,11b09Fd.wav,D:\emodb_dataset\11b09Fd.wav
233,bored,EMODB,11b09Ld.wav,D:\emodb_dataset\11b09Ld.wav
234,neutral,EMODB,11b09Na.wav,D:\emodb_dataset\11b09Na.wav
235,sad,EMODB,11b09Td.wav,D:\emodb_dataset\11b09Td.wav
236,angry,EMODB,11b09Wa.wav,D:\emodb_dataset\11b09Wa.wav
237,fear,EMODB,11b10Ad.wav,D:\emodb_dataset\11b10Ad.wav
238,fear,EMODB,11b10Ae.wav,D:\emodb_dataset\11b10Ae.wav
239,bored,EMODB,11b10Ld.wav,D:\emodb_dataset\11b10Ld.wav
240,neutral,EMODB,11b10Nc.wav,D:\emodb_dataset\11b10Nc.wav
241,sad,EMODB,11b10Td.wav,D:\emodb_dataset\11b10Td.wav
242,angry,EMODB,11b10Wa.wav,D:\emodb_dataset\11b10Wa.wav
243,happy,EMODB,12a01Fb.wav,D:\emodb_dataset\12a01Fb.wav
244,bored,EMODB,12a01Lb.wav,D:\emodb_dataset\12a01Lb.wav
245,neutral,EMODB,12a01Nb.wav,D:\emodb_dataset\12a01Nb.wav
246,angry,EMODB,12a01Wc.wav,D:\emodb_dataset\12a01Wc.wav
247,fear,EMODB,12a02Ac.wav,D:\emodb_dataset\12a02Ac.wav
248,disgust,EMODB,12a02Ec.wav,D:\emodb_dataset\12a02Ec.wav
249,neutral,EMODB,12a02Nb.wav,D:\emodb_dataset\12a02Nb.wav
250,angry,EMODB,12a02Wa.wav,D:\emodb_dataset\12a02Wa.wav
251,angry,EMODB,12a02Wc.wav,D:\emodb_dataset\12a02Wc.wav
252,angry,EMODB,12a04Wc.wav,D:\emodb_dataset\12a04Wc.wav
253,fear,EMODB,12a05Ab.wav,D:\emodb_dataset\12a05Ab.wav
254,bored,EMODB,12a05Lb.wav,D:\emodb_dataset\12a05Lb.wav
255,neutral,EMODB,12a05Nd.wav,D:\emodb_dataset\12a05Nd.wav
256,sad,EMODB,12a05Ta.wav,D:\emodb_dataset\12a05Ta.wav
257,angry,EMODB,12a05Wb.wav,D:\emodb_dataset\12a05Wb.wav
258,fear,EMODB,12a07Ac.wav,D:\emodb_dataset\12a07Ac.wav
259,bored,EMODB,12a07La.wav,D:\emodb_dataset\12a07La.wav
260,angry,EMODB,12a07Wa.wav,D:\emodb_dataset\12a07Wa.wav
261,sad,EMODB,12b01Ta.wav,D:\emodb_dataset\12b01Ta.wav
262,angry,EMODB,12b01Wa.wav,D:\emodb_dataset\12b01Wa.wav
263,fear,EMODB,12b02Ad.wav,D:\emodb_dataset\12b02Ad.wav
264,disgust,EMODB,12b02Ea.wav,D:\emodb_dataset\12b02Ea.wav
265,happy,EMODB,12b02Fb.wav,D:\emodb_dataset\12b02Fb.wav
266,neutral,EMODB,12b02Na.wav,D:\emodb_dataset\12b02Na.wav
267,angry,EMODB,12b02Wa.wav,D:\emodb_dataset\12b02Wa.wav
268,angry,EMODB,12b02Wb.wav,D:\emodb_dataset\12b02Wb.wav
269,angry,EMODB,12b02Wd.wav,D:\emodb_dataset\12b02Wd.wav
270,bored,EMODB,12b03La.wav,D:\emodb_dataset\12b03La.wav
271,sad,EMODB,12b03Ta.wav,D:\emodb_dataset\12b03Ta.wav
272,fear,EMODB,12b09Ac.wav,D:\emodb_dataset\12b09Ac.wav
273,sad,EMODB,12b09Td.wav,D:\emodb_dataset\12b09Td.wav
274,angry,EMODB,12b09Wc.wav,D:\emodb_dataset\12b09Wc.wav
275,fear,EMODB,12b10Ac.wav,D:\emodb_dataset\12b10Ac.wav
276,bored,EMODB,12b10Ld.wav,D:\emodb_dataset\12b10Ld.wav
277,angry,EMODB,12b10Wa.wav,D:\emodb_dataset\12b10Wa.wav
278,fear,EMODB,13a01Ac.wav,D:\emodb_dataset\13a01Ac.wav
279,disgust,EMODB,13a01Ea.wav,D:\emodb_dataset\13a01Ea.wav
280,disgust,EMODB,13a01Ec.wav,D:\emodb_dataset\13a01Ec.wav
281,happy,EMODB,13a01Fd.wav,D:\emodb_dataset\13a01Fd.wav
282,bored,EMODB,13a01Lb.wav,D:\emodb_dataset\13a01Lb.wav
283,neutral,EMODB,13a01Nb.wav,D:\emodb_dataset\13a01Nb.wav
284,angry,EMODB,13a01Wb.wav,D:\emodb_dataset\13a01Wb.wav
285,fear,EMODB,13a02Ad.wav,D:\emodb_dataset\13a02Ad.wav
286,disgust,EMODB,13a02Ec.wav,D:\emodb_dataset\13a02Ec.wav
287,happy,EMODB,13a02Fa.wav,D:\emodb_dataset\13a02Fa.wav
288,bored,EMODB,13a02Lc.wav,D:\emodb_dataset\13a02Lc.wav
289,neutral,EMODB,13a02Nc.wav,D:\emodb_dataset\13a02Nc.wav
290,sad,EMODB,13a02Ta.wav,D:\emodb_dataset\13a02Ta.wav
291,angry,EMODB,13a02Wa.wav,D:\emodb_dataset\13a02Wa.wav
292,fear,EMODB,13a04Ac.wav,D:\emodb_dataset\13a04Ac.wav
293,happy,EMODB,13a04Fc.wav,D:\emodb_dataset\13a04Fc.wav
294,bored,EMODB,13a04Lb.wav,D:\emodb_dataset\13a04Lb.wav
295,sad,EMODB,13a04Ta.wav,D:\emodb_dataset\13a04Ta.wav
296,angry,EMODB,13a04Wc.wav,D:\emodb_dataset\13a04Wc.wav
297,fear,EMODB,13a05Aa.wav,D:\emodb_dataset\13a05Aa.wav
298,disgust,EMODB,13a05Ea.wav,D:\emodb_dataset\13a05Ea.wav
299,bored,EMODB,13a05Lc.wav,D:\emodb_dataset\13a05Lc.wav
300,neutral,EMODB,13a05Nb.wav,D:\emodb_dataset\13a05Nb.wav
301,sad,EMODB,13a05Tc.wav,D:\emodb_dataset\13a05Tc.wav
302,angry,EMODB,13a05Wa.wav,D:\emodb_dataset\13a05Wa.wav
303,angry,EMODB,13a05Wc.wav,D:\emodb_dataset\13a05Wc.wav
304,happy,EMODB,13a07Fd.wav,D:\emodb_dataset\13a07Fd.wav
305,bored,EMODB,13a07Lb.wav,D:\emodb_dataset\13a07Lb.wav
306,neutral,EMODB,13a07Na.wav,D:\emodb_dataset\13a07Na.wav
307,sad,EMODB,13a07Tc.wav,D:\emodb_dataset\13a07Tc.wav
308,angry,EMODB,13a07Wb.wav,D:\emodb_dataset\13a07Wb.wav
309,fear,EMODB,13b01Ab.wav,D:\emodb_dataset\13b01Ab.wav
310,disgust,EMODB,13b01Ec.wav,D:\emodb_dataset\13b01Ec.wav
311,happy,EMODB,13b01Fc.wav,D:\emodb_dataset\13b01Fc.wav
312,bored,EMODB,13b01Ld.wav,D:\emodb_dataset\13b01Ld.wav
313,neutral,EMODB,13b01Nc.wav,D:\emodb_dataset\13b01Nc.wav
314,angry,EMODB,13b01Wa.wav,D:\emodb_dataset\13b01Wa.wav
315,happy,EMODB,13b02Fb.wav,D:\emodb_dataset\13b02Fb.wav
316,bored,EMODB,13b02Lc.wav,D:\emodb_dataset\13b02Lc.wav
317,neutral,EMODB,13b02Nb.wav,D:\emodb_dataset\13b02Nb.wav
318,angry,EMODB,13b02Wa.wav,D:\emodb_dataset\13b02Wa.wav
319,fear,EMODB,13b03Ac.wav,D:\emodb_dataset\13b03Ac.wav
320,disgust,EMODB,13b03Ed.wav,D:\emodb_dataset\13b03Ed.wav
321,happy,EMODB,13b03Fd.wav,D:\emodb_dataset\13b03Fd.wav
322,bored,EMODB,13b03Lb.wav,D:\emodb_dataset\13b03Lb.wav
323,neutral,EMODB,13b03Na.wav,D:\emodb_dataset\13b03Na.wav
324,sad,EMODB,13b03Td.wav,D:\emodb_dataset\13b03Td.wav
325,angry,EMODB,13b03Wc.wav,D:\emodb_dataset\13b03Wc.wav
326,fear,EMODB,13b09Ab.wav,D:\emodb_dataset\13b09Ab.wav
327,disgust,EMODB,13b09Ec.wav,D:\emodb_dataset\13b09Ec.wav
328,happy,EMODB,13b09Fb.wav,D:\emodb_dataset\13b09Fb.wav
329,happy,EMODB,13b09Fc.wav,D:\emodb_dataset\13b09Fc.wav
330,bored,EMODB,13b09La.wav,D:\emodb_dataset\13b09La.wav
331,neutral,EMODB,13b09Na.wav,D:\emodb_dataset\13b09Na.wav
332,angry,EMODB,13b09Wa.wav,D:\emodb_dataset\13b09Wa.wav
333,disgust,EMODB,13b10Ec.wav,D:\emodb_dataset\13b10Ec.wav
334,happy,EMODB,13b10Fa.wav,D:\emodb_dataset\13b10Fa.wav
335,bored,EMODB,13b10La.wav,D:\emodb_dataset\13b10La.wav
336,neutral,EMODB,13b10Nc.wav,D:\emodb_dataset\13b10Nc.wav
337,angry,EMODB,13b10Wa.wav,D:\emodb_dataset\13b10Wa.wav
338,angry,EMODB,13b10Wc.wav,D:\emodb_dataset\13b10Wc.wav
339,fear,EMODB,14a01Aa.wav,D:\emodb_dataset\14a01Aa.wav
340,fear,EMODB,14a01Ac.wav,D:\emodb_dataset\14a01Ac.wav
341,disgust,EMODB,14a01Ea.wav,D:\emodb_dataset\14a01Ea.wav
342,neutral,EMODB,14a01Na.wav,D:\emodb_dataset\14a01Na.wav
343,angry,EMODB,14a01Wa.wav,D:\emodb_dataset\14a01Wa.wav
344,angry,EMODB,14a01Wc.wav,D:\emodb_dataset\14a01Wc.wav
345,fear,EMODB,14a02Ab.wav,D:\emodb_dataset\14a02Ab.wav
346,disgust,EMODB,14a02Ea.wav,D:\emodb_dataset\14a02Ea.wav
347,happy,EMODB,14a02Fd.wav,D:\emodb_dataset\14a02Fd.wav
348,bored,EMODB,14a02La.wav,D:\emodb_dataset\14a02La.wav
349,neutral,EMODB,14a02Nc.wav,D:\emodb_dataset\14a02Nc.wav
350,sad,EMODB,14a02Tb.wav,D:\emodb_dataset\14a02Tb.wav
351,angry,EMODB,14a02Wa.wav,D:\emodb_dataset\14a02Wa.wav
352,angry,EMODB,14a02Wc.wav,D:\emodb_dataset\14a02Wc.wav
353,fear,EMODB,14a04Aa.wav,D:\emodb_dataset\14a04Aa.wav
354,disgust,EMODB,14a04Ed.wav,D:\emodb_dataset\14a04Ed.wav
355,bored,EMODB,14a04Lb.wav,D:\emodb_dataset\14a04Lb.wav
356,sad,EMODB,14a04Tb.wav,D:\emodb_dataset\14a04Tb.wav
357,sad,EMODB,14a04Tc.wav,D:\emodb_dataset\14a04Tc.wav
358,angry,EMODB,14a04Wb.wav,D:\emodb_dataset\14a04Wb.wav
359,angry,EMODB,14a04Wc.wav,D:\emodb_dataset\14a04Wc.wav
360,fear,EMODB,14a05Aa.wav,D:\emodb_dataset\14a05Aa.wav
361,fear,EMODB,14a05Ac.wav,D:\emodb_dataset\14a05Ac.wav
362,happy,EMODB,14a05Fa.wav,D:\emodb_dataset\14a05Fa.wav
363,happy,EMODB,14a05Fb.wav,D:\emodb_dataset\14a05Fb.wav
364,bored,EMODB,14a05Lb.wav,D:\emodb_dataset\14a05Lb.wav
365,neutral,EMODB,14a05Na.wav,D:\emodb_dataset\14a05Na.wav
366,sad,EMODB,14a05Ta.wav,D:\emodb_dataset\14a05Ta.wav
367,sad,EMODB,14a05Tc.wav,D:\emodb_dataset\14a05Tc.wav
368,angry,EMODB,14a05Wa.wav,D:\emodb_dataset\14a05Wa.wav
369,angry,EMODB,14a05Wb.wav,D:\emodb_dataset\14a05Wb.wav
370,fear,EMODB,14a07Aa.wav,D:\emodb_dataset\14a07Aa.wav
371,disgust,EMODB,14a07Eb.wav,D:\emodb_dataset\14a07Eb.wav
372,happy,EMODB,14a07Fd.wav,D:\emodb_dataset\14a07Fd.wav
373,bored,EMODB,14a07Lc.wav,D:\emodb_dataset\14a07Lc.wav
374,bored,EMODB,14a07Ld.wav,D:\emodb_dataset\14a07Ld.wav
375,neutral,EMODB,14a07Na.wav,D:\emodb_dataset\14a07Na.wav
376,sad,EMODB,14a07Tc.wav,D:\emodb_dataset\14a07Tc.wav
377,angry,EMODB,14a07Wc.wav,D:\emodb_dataset\14a07Wc.wav
378,fear,EMODB,14b01Ac.wav,D:\emodb_dataset\14b01Ac.wav
379,disgust,EMODB,14b01Eb.wav,D:\emodb_dataset\14b01Eb.wav
380,happy,EMODB,14b01Fa.wav,D:\emodb_dataset\14b01Fa.wav
381,happy,EMODB,14b01Fc.wav,D:\emodb_dataset\14b01Fc.wav
382,neutral,EMODB,14b01Na.wav,D:\emodb_dataset\14b01Na.wav
383,angry,EMODB,14b01Wc.wav,D:\emodb_dataset\14b01Wc.wav
384,fear,EMODB,14b02Aa.wav,D:\emodb_dataset\14b02Aa.wav
385,happy,EMODB,14b02Fb.wav,D:\emodb_dataset\14b02Fb.wav
386,neutral,EMODB,14b02Na.wav,D:\emodb_dataset\14b02Na.wav
387,sad,EMODB,14b02Tc.wav,D:\emodb_dataset\14b02Tc.wav
388,angry,EMODB,14b02Wb.wav,D:\emodb_dataset\14b02Wb.wav
389,angry,EMODB,14b02Wd.wav,D:\emodb_dataset\14b02Wd.wav
390,fear,EMODB,14b03Ad.wav,D:\emodb_dataset\14b03Ad.wav
391,disgust,EMODB,14b03Ed.wav,D:\emodb_dataset\14b03Ed.wav
392,bored,EMODB,14b03Lb.wav,D:\emodb_dataset\14b03Lb.wav
393,sad,EMODB,14b03Ta.wav,D:\emodb_dataset\14b03Ta.wav
394,angry,EMODB,14b03Wb.wav,D:\emodb_dataset\14b03Wb.wav
395,fear,EMODB,14b09Ac.wav,D:\emodb_dataset\14b09Ac.wav
396,disgust,EMODB,14b09Ea.wav,D:\emodb_dataset\14b09Ea.wav
397,happy,EMODB,14b09Fc.wav,D:\emodb_dataset\14b09Fc.wav
398,bored,EMODB,14b09Lb.wav,D:\emodb_dataset\14b09Lb.wav
399,sad,EMODB,14b09Td.wav,D:\emodb_dataset\14b09Td.wav
400,angry,EMODB,14b09Wa.wav,D:\emodb_dataset\14b09Wa.wav
401,angry,EMODB,14b09Wc.wav,D:\emodb_dataset\14b09Wc.wav
402,fear,EMODB,14b10Ad.wav,D:\emodb_dataset\14b10Ad.wav
403,disgust,EMODB,14b10Eb.wav,D:\emodb_dataset\14b10Eb.wav
404,bored,EMODB,14b10Lb.wav,D:\emodb_dataset\14b10Lb.wav
405,neutral,EMODB,14b10Nb.wav,D:\emodb_dataset\14b10Nb.wav
406,sad,EMODB,14b10Tc.wav,D:\emodb_dataset\14b10Tc.wav
407,angry,EMODB,14b10Wc.wav,D:\emodb_dataset\14b10Wc.wav
408,disgust,EMODB,15a01Ea.wav,D:\emodb_dataset\15a01Ea.wav
409,happy,EMODB,15a01Fb.wav,D:\emodb_dataset\15a01Fb.wav
410,bored,EMODB,15a01La.wav,D:\emodb_dataset\15a01La.wav
411,neutral,EMODB,15a01Nb.wav,D:\emodb_dataset\15a01Nb.wav
412,angry,EMODB,15a01Wa.wav,D:\emodb_dataset\15a01Wa.wav
413,fear,EMODB,15a02Ac.wav,D:\emodb_dataset\15a02Ac.wav
414,disgust,EMODB,15a02Ea.wav,D:\emodb_dataset\15a02Ea.wav
415,bored,EMODB,15a02La.wav,D:\emodb_dataset\15a02La.wav
416,neutral,EMODB,15a02Na.wav,D:\emodb_dataset\15a02Na.wav
417,sad,EMODB,15a02Ta.wav,D:\emodb_dataset\15a02Ta.wav
418,angry,EMODB,15a02Wb.wav,D:\emodb_dataset\15a02Wb.wav
419,angry,EMODB,15a02Wd.wav,D:\emodb_dataset\15a02Wd.wav
420,fear,EMODB,15a04Ab.wav,D:\emodb_dataset\15a04Ab.wav
421,fear,EMODB,15a04Ac.wav,D:\emodb_dataset\15a04Ac.wav
422,happy,EMODB,15a04Fd.wav,D:\emodb_dataset\15a04Fd.wav
423,neutral,EMODB,15a04Nc.wav,D:\emodb_dataset\15a04Nc.wav
424,angry,EMODB,15a04Wa.wav,D:\emodb_dataset\15a04Wa.wav
425,angry,EMODB,15a04Wb.wav,D:\emodb_dataset\15a04Wb.wav
426,disgust,EMODB,15a05Eb.wav,D:\emodb_dataset\15a05Eb.wav
427,happy,EMODB,15a05Fb.wav,D:\emodb_dataset\15a05Fb.wav
428,bored,EMODB,15a05Lb.wav,D:\emodb_dataset\15a05Lb.wav
429,neutral,EMODB,15a05Na.wav,D:\emodb_dataset\15a05Na.wav
430,angry,EMODB,15a05Wa.wav,D:\emodb_dataset\15a05Wa.wav
431,fear,EMODB,15a07Ac.wav,D:\emodb_dataset\15a07Ac.wav
432,disgust,EMODB,15a07Eb.wav,D:\emodb_dataset\15a07Eb.wav
433,happy,EMODB,15a07Fa.wav,D:\emodb_dataset\15a07Fa.wav
434,happy,EMODB,15a07Fb.wav,D:\emodb_dataset\15a07Fb.wav
435,bored,EMODB,15a07Ld.wav,D:\emodb_dataset\15a07Ld.wav
436,neutral,EMODB,15a07Nc.wav,D:\emodb_dataset\15a07Nc.wav
437,disgust,EMODB,15b01Ec.wav,D:\emodb_dataset\15b01Ec.wav
438,bored,EMODB,15b01Lb.wav,D:\emodb_dataset\15b01Lb.wav
439,neutral,EMODB,15b01Na.wav,D:\emodb_dataset\15b01Na.wav
440,angry,EMODB,15b01Wc.wav,D:\emodb_dataset\15b01Wc.wav
441,fear,EMODB,15b02Aa.wav,D:\emodb_dataset\15b02Aa.wav
442,bored,EMODB,15b02Lb.wav,D:\emodb_dataset\15b02Lb.wav
443,neutral,EMODB,15b02Nd.wav,D:\emodb_dataset\15b02Nd.wav
444,sad,EMODB,15b02Tc.wav,D:\emodb_dataset\15b02Tc.wav
445,angry,EMODB,15b02Wa.wav,D:\emodb_dataset\15b02Wa.wav
446,angry,EMODB,15b02Wc.wav,D:\emodb_dataset\15b02Wc.wav
447,fear,EMODB,15b03Aa.wav,D:\emodb_dataset\15b03Aa.wav
448,bored,EMODB,15b03Lc.wav,D:\emodb_dataset\15b03Lc.wav
449,neutral,EMODB,15b03Nb.wav,D:\emodb_dataset\15b03Nb.wav
450,sad,EMODB,15b03Tc.wav,D:\emodb_dataset\15b03Tc.wav
451,angry,EMODB,15b03Wa.wav,D:\emodb_dataset\15b03Wa.wav
452,angry,EMODB,15b03Wb.wav,D:\emodb_dataset\15b03Wb.wav
453,fear,EMODB,15b09Ac.wav,D:\emodb_dataset\15b09Ac.wav
454,happy,EMODB,15b09Fa.wav,D:\emodb_dataset\15b09Fa.wav
455,bored,EMODB,15b09La.wav,D:\emodb_dataset\15b09La.wav
456,neutral,EMODB,15b09Nb.wav,D:\emodb_dataset\15b09Nb.wav
457,sad,EMODB,15b09Ta.wav,D:\emodb_dataset\15b09Ta.wav
458,angry,EMODB,15b09Wb.wav,D:\emodb_dataset\15b09Wb.wav
459,fear,EMODB,15b10Ac.wav,D:\emodb_dataset\15b10Ac.wav
460,bored,EMODB,15b10Lc.wav,D:\emodb_dataset\15b10Lc.wav
461,neutral,EMODB,15b10Nb.wav,D:\emodb_dataset\15b10Nb.wav
462,neutral,EMODB,15b10Nc.wav,D:\emodb_dataset\15b10Nc.wav
463,angry,EMODB,15b10Wa.wav,D:\emodb_dataset\15b10Wa.wav
464,disgust,EMODB,16a01Ec.wav,D:\emodb_dataset\16a01Ec.wav
465,happy,EMODB,16a01Fc.wav,D:\emodb_dataset\16a01Fc.wav
466,bored,EMODB,16a01Lb.wav,D:\emodb_dataset\16a01Lb.wav
467,neutral,EMODB,16a01Nc.wav,D:\emodb_dataset\16a01Nc.wav
468,sad,EMODB,16a01Tb.wav,D:\emodb_dataset\16a01Tb.wav
469,angry,EMODB,16a01Wb.wav,D:\emodb_dataset\16a01Wb.wav
470,disgust,EMODB,16a02Ea.wav,D:\emodb_dataset\16a02Ea.wav
471,disgust,EMODB,16a02Ec.wav,D:\emodb_dataset\16a02Ec.wav
472,bored,EMODB,16a02Lb.wav,D:\emodb_dataset\16a02Lb.wav
473,neutral,EMODB,16a02Nb.wav,D:\emodb_dataset\16a02Nb.wav
474,sad,EMODB,16a02Tc.wav,D:\emodb_dataset\16a02Tc.wav
475,angry,EMODB,16a02Wb.wav,D:\emodb_dataset\16a02Wb.wav
476,fear,EMODB,16a04Ab.wav,D:\emodb_dataset\16a04Ab.wav
477,disgust,EMODB,16a04Ea.wav,D:\emodb_dataset\16a04Ea.wav
478,happy,EMODB,16a04Fa.wav,D:\emodb_dataset\16a04Fa.wav
479,bored,EMODB,16a04La.wav,D:\emodb_dataset\16a04La.wav
480,bored,EMODB,16a04Lc.wav,D:\emodb_dataset\16a04Lc.wav
481,neutral,EMODB,16a04Nc.wav,D:\emodb_dataset\16a04Nc.wav
482,sad,EMODB,16a04Tc.wav,D:\emodb_dataset\16a04Tc.wav
483,angry,EMODB,16a04Wb.wav,D:\emodb_dataset\16a04Wb.wav
484,angry,EMODB,16a04Wc.wav,D:\emodb_dataset\16a04Wc.wav
485,fear,EMODB,16a05Ab.wav,D:\emodb_dataset\16a05Ab.wav
486,disgust,EMODB,16a05Ea.wav,D:\emodb_dataset\16a05Ea.wav
487,happy,EMODB,16a05Fc.wav,D:\emodb_dataset\16a05Fc.wav
488,bored,EMODB,16a05La.wav,D:\emodb_dataset\16a05La.wav
489,sad,EMODB,16a05Tb.wav,D:\emodb_dataset\16a05Tb.wav
490,angry,EMODB,16a05Wb.wav,D:\emodb_dataset\16a05Wb.wav
491,angry,EMODB,16a05Wc.wav,D:\emodb_dataset\16a05Wc.wav
492,disgust,EMODB,16a07Ea.wav,D:\emodb_dataset\16a07Ea.wav
493,happy,EMODB,16a07Fa.wav,D:\emodb_dataset\16a07Fa.wav
494,happy,EMODB,16a07Fb.wav,D:\emodb_dataset\16a07Fb.wav
495,bored,EMODB,16a07La.wav,D:\emodb_dataset\16a07La.wav
496,bored,EMODB,16a07Lb.wav,D:\emodb_dataset\16a07Lb.wav
497,neutral,EMODB,16a07Nb.wav,D:\emodb_dataset\16a07Nb.wav
498,sad,EMODB,16a07Td.wav,D:\emodb_dataset\16a07Td.wav
499,angry,EMODB,16a07Wa.wav,D:\emodb_dataset\16a07Wa.wav
500,fear,EMODB,16b01Aa.wav,D:\emodb_dataset\16b01Aa.wav
501,disgust,EMODB,16b01Eb.wav,D:\emodb_dataset\16b01Eb.wav
502,happy,EMODB,16b01Fa.wav,D:\emodb_dataset\16b01Fa.wav
503,bored,EMODB,16b01La.wav,D:\emodb_dataset\16b01La.wav
504,bored,EMODB,16b01Lc.wav,D:\emodb_dataset\16b01Lc.wav
505,sad,EMODB,16b01Tb.wav,D:\emodb_dataset\16b01Tb.wav
506,angry,EMODB,16b01Wa.wav,D:\emodb_dataset\16b01Wa.wav
507,angry,EMODB,16b01Wb.wav,D:\emodb_dataset\16b01Wb.wav
508,fear,EMODB,16b02Aa.wav,D:\emodb_dataset\16b02Aa.wav
509,disgust,EMODB,16b02Eb.wav,D:\emodb_dataset\16b02Eb.wav
510,happy,EMODB,16b02Fd.wav,D:\emodb_dataset\16b02Fd.wav
511,bored,EMODB,16b02Lb.wav,D:\emodb_dataset\16b02Lb.wav
512,angry,EMODB,16b02Wb.wav,D:\emodb_dataset\16b02Wb.wav
513,fear,EMODB,16b03Ad.wav,D:\emodb_dataset\16b03Ad.wav
514,disgust,EMODB,16b03Ea.wav,D:\emodb_dataset\16b03Ea.wav
515,happy,EMODB,16b03Fa.wav,D:\emodb_dataset\16b03Fa.wav
516,happy,EMODB,16b03Fd.wav,D:\emodb_dataset\16b03Fd.wav
517,bored,EMODB,16b03La.wav,D:\emodb_dataset\16b03La.wav
518,neutral,EMODB,16b03Nb.wav,D:\emodb_dataset\16b03Nb.wav
519,sad,EMODB,16b03Ta.wav,D:\emodb_dataset\16b03Ta.wav
520,angry,EMODB,16b03Wb.wav,D:\emodb_dataset\16b03Wb.wav
521,fear,EMODB,16b09Ab.wav,D:\emodb_dataset\16b09Ab.wav
522,disgust,EMODB,16b09Eb.wav,D:\emodb_dataset\16b09Eb.wav
523,happy,EMODB,16b09Fb.wav,D:\emodb_dataset\16b09Fb.wav
524,bored,EMODB,16b09La.wav,D:\emodb_dataset\16b09La.wav
525,bored,EMODB,16b09Lb.wav,D:\emodb_dataset\16b09Lb.wav
526,angry,EMODB,16b09Wb.wav,D:\emodb_dataset\16b09Wb.wav
527,fear,EMODB,16b10Aa.wav,D:\emodb_dataset\16b10Aa.wav
528,disgust,EMODB,16b10Eb.wav,D:\emodb_dataset\16b10Eb.wav
529,happy,EMODB,16b10Fb.wav,D:\emodb_dataset\16b10Fb.wav
530,bored,EMODB,16b10Lb.wav,D:\emodb_dataset\16b10Lb.wav
531,sad,EMODB,16b10Tb.wav,D:\emodb_dataset\16b10Tb.wav
532,sad,EMODB,16b10Td.wav,D:\emodb_dataset\16b10Td.wav
533,angry,EMODB,16b10Wa.wav,D:\emodb_dataset\16b10Wa.wav
534,angry,EMODB,16b10Wb.wav,D:\emodb_dataset\16b10Wb.wav
